<?xml version="1.0" encoding="utf-8"?>
<AxFormExtension xmlns:i="http://www.w3.org/2001/XMLSchema-instance" xmlns="Microsoft.Dynamics.AX.Metadata.V6">
	<Name>VendTable.USTModel</Name>
	<ControlModifications />
	<Controls>
		<AxFormExtensionControl xmlns="">
			<Name>FormExtensionControlsvr1f4hd1</Name>
			<FormControl xmlns=""
				i:type="AxFormStringControl">
				<Name>CromaProduct</Name>
				<Type>String</Type>
				<FormControlExtension
					i:nil="true" />
				<DataField>CromaProduct</DataField>
				<DataSource>VendTable</DataSource>
			</FormControl>
			<Parent>Identification</Parent>
			<PositionType>AfterItem</PositionType>
			<PreviousSibling>Identification_AccountNum</PreviousSibling>
		</AxFormExtensionControl>
	</Controls>
	<DataSourceModifications />
	<DataSourceReferences />
	<DataSources />
	<Parts />
	<PropertyModifications />
</AxFormExtension>