<?xml version="1.0" encoding="utf-8"?>
<AxSecurityPrivilege xmlns:i="http://www.w3.org/2001/XMLSchema-instance">
	<Name>CustomPrivilege</Name>
	<DataEntityPermissions />
	<DirectAccessPermissions />
	<EntryPoints>
		<AxSecurityEntryPointReference>
			<Name>SalesTableDisplay</Name>
			<Grant>
				<Read>Allow</Read>
			</Grant>
			<GrantCurrentData>
				<Read>Allow</Read>
			</GrantCurrentData>
			<ObjectName>SalesTableDisplay</ObjectName>
			<ObjectType>MenuItemDisplay</ObjectType>
			<Forms>
				<AxSecurityEntryPointReferenceForm>
					<Name>SalesTable</Name>
					<Controls />
					<DataSources />
				</AxSecurityEntryPointReferenceForm>
			</Forms>
		</AxSecurityEntryPointReference>
	</EntryPoints>
	<FormControlOverrides />
</AxSecurityPrivilege>